,Date,Close
0,2023-09-01,245.00999450683594
1,2023-09-05,256.489990234375
2,2023-09-06,251.9199981689453
3,2023-09-07,251.49000549316406
4,2023-09-08,248.5
5,2023-09-11,273.5799865722656
6,2023-09-12,267.4800109863281
7,2023-09-13,271.29998779296875
8,2023-09-14,276.0400085449219
9,2023-09-15,274.3900146484375
10,2023-09-18,265.2799987792969
11,2023-09-19,266.5
12,2023-09-20,262.5899963378906
13,2023-09-21,255.6999969482422
14,2023-09-22,244.8800048828125
15,2023-09-25,246.99000549316406
16,2023-09-26,244.1199951171875
17,2023-09-27,240.5
18,2023-09-28,246.3800048828125
19,2023-09-29,250.22000122070312
20,2023-10-02,251.60000610351562
21,2023-10-03,246.52999877929688
22,2023-10-04,261.1600036621094
23,2023-10-05,260.04998779296875
24,2023-10-06,260.5299987792969
25,2023-10-09,259.6700134277344
26,2023-10-10,263.6199951171875
27,2023-10-11,262.989990234375
28,2023-10-12,258.8699951171875
29,2023-10-13,251.1199951171875
30,2023-10-16,253.9199981689453
31,2023-10-17,254.85000610351562
32,2023-10-18,242.67999267578125
33,2023-10-19,220.11000061035156
34,2023-10-20,211.99000549316406
35,2023-10-23,212.0800018310547
36,2023-10-24,216.52000427246094
37,2023-10-25,212.4199981689453
38,2023-10-26,205.75999450683594
39,2023-10-27,207.3000030517578
40,2023-10-30,197.36000061035156
41,2023-10-31,200.83999633789062
42,2023-11-01,205.66000366210938
43,2023-11-02,218.50999450683594
44,2023-11-03,219.9600067138672
45,2023-11-06,219.27000427246094
46,2023-11-07,222.17999267578125
47,2023-11-08,222.11000061035156
48,2023-11-09,209.97999572753906
49,2023-11-10,214.64999389648438
50,2023-11-13,223.7100067138672
51,2023-11-14,237.41000366210938
52,2023-11-15,242.83999633789062
53,2023-11-16,233.58999633789062
54,2023-11-17,234.3000030517578
55,2023-11-20,235.60000610351562
56,2023-11-21,241.1999969482422
57,2023-11-22,234.2100067138672
58,2023-11-24,235.4499969482422
59,2023-11-27,236.0800018310547
60,2023-11-28,246.72000122070312
61,2023-11-29,244.13999938964844
62,2023-11-30,240.0800018310547
63,2023-12-01,238.8300018310547
64,2023-12-04,235.5800018310547
65,2023-12-05,238.72000122070312
66,2023-12-06,239.3699951171875
67,2023-12-07,242.63999938964844
68,2023-12-08,243.83999633789062
69,2023-12-11,239.74000549316406
70,2023-12-12,237.00999450683594
71,2023-12-13,239.2899932861328
72,2023-12-14,251.0500030517578
73,2023-12-15,253.5
74,2023-12-18,252.0800018310547
75,2023-12-19,257.2200012207031
76,2023-12-20,247.13999938964844
77,2023-12-21,254.5
78,2023-12-22,252.5399932861328
79,2023-12-26,256.6099853515625
80,2023-12-27,261.44000244140625
81,2023-12-28,253.17999267578125
82,2023-12-29,248.47999572753906
83,2024-01-02,248.4199981689453
84,2024-01-03,238.4499969482422
85,2024-01-04,237.92999267578125
86,2024-01-05,237.49000549316406
87,2024-01-08,240.4499969482422
88,2024-01-09,234.9600067138672
89,2024-01-10,233.94000244140625
90,2024-01-11,227.22000122070312
91,2024-01-12,218.88999938964844
92,2024-01-16,219.91000366210938
93,2024-01-17,215.5500030517578
94,2024-01-18,211.8800048828125
95,2024-01-19,212.19000244140625
96,2024-01-22,208.8000030517578
97,2024-01-23,209.13999938964844
98,2024-01-24,207.8300018310547
99,2024-01-25,182.6300048828125
100,2024-01-26,183.25
101,2024-01-29,190.92999267578125
102,2024-01-30,191.58999633789062
103,2024-01-31,187.2899932861328
104,2024-02-01,188.86000061035156
105,2024-02-02,187.91000366210938
106,2024-02-05,181.05999755859375
107,2024-02-06,185.10000610351562
108,2024-02-07,187.5800018310547
109,2024-02-08,189.55999755859375
110,2024-02-09,193.57000732421875
111,2024-02-12,188.1300048828125
112,2024-02-13,184.02000427246094
113,2024-02-14,188.7100067138672
114,2024-02-15,200.4499969482422
115,2024-02-16,199.9499969482422
116,2024-02-20,193.75999450683594
117,2024-02-21,194.77000427246094
118,2024-02-22,197.41000366210938
119,2024-02-23,191.97000122070312
120,2024-02-26,199.39999389648438
121,2024-02-27,199.72999572753906
122,2024-02-28,202.0399932861328
123,2024-02-29,201.8800048828125
124,2024-03-01,202.63999938964844
125,2024-03-04,188.13999938964844
126,2024-03-05,180.74000549316406
127,2024-03-06,176.5399932861328
128,2024-03-07,178.64999389648438
129,2024-03-08,175.33999633789062
130,2024-03-11,177.77000427246094
131,2024-03-12,177.5399932861328
132,2024-03-13,169.47999572753906
133,2024-03-14,162.5
134,2024-03-15,163.57000732421875
135,2024-03-18,173.8000030517578
136,2024-03-19,171.32000732421875
137,2024-03-20,175.66000366210938
138,2024-03-21,172.82000732421875
139,2024-03-22,170.8300018310547
140,2024-03-25,172.6300048828125
141,2024-03-26,177.6699981689453
142,2024-03-27,179.8300018310547
143,2024-03-28,175.7899932861328
144,2024-04-01,175.22000122070312
145,2024-04-02,166.6300048828125
146,2024-04-03,168.3800048828125
147,2024-04-04,171.11000061035156
148,2024-04-05,164.89999389648438
149,2024-04-08,172.97999572753906
150,2024-04-09,176.8800048828125
151,2024-04-10,171.75999450683594
152,2024-04-11,174.60000610351562
153,2024-04-12,171.0500030517578
154,2024-04-15,161.47999572753906
155,2024-04-16,157.11000061035156
156,2024-04-17,155.4499969482422
157,2024-04-18,149.92999267578125
158,2024-04-19,147.0500030517578
159,2024-04-22,142.0500030517578
160,2024-04-23,144.67999267578125
161,2024-04-24,162.1300048828125
162,2024-04-25,170.17999267578125
163,2024-04-26,168.2899932861328
164,2024-04-29,194.0500030517578
165,2024-04-30,183.27999877929688
166,2024-05-01,179.99000549316406
167,2024-05-02,180.00999450683594
168,2024-05-03,181.19000244140625
169,2024-05-06,184.75999450683594
170,2024-05-07,177.80999755859375
171,2024-05-08,174.72000122070312
172,2024-05-09,171.97000122070312
173,2024-05-10,168.47000122070312
174,2024-05-13,171.88999938964844
175,2024-05-14,177.5500030517578
176,2024-05-15,173.99000549316406
177,2024-05-16,174.83999633789062
178,2024-05-17,177.4600067138672
179,2024-05-20,174.9499969482422
180,2024-05-21,186.60000610351562
181,2024-05-22,180.11000061035156
182,2024-05-23,173.74000549316406
183,2024-05-24,179.24000549316406
184,2024-05-28,176.75
185,2024-05-29,176.19000244140625
186,2024-05-30,178.7899932861328
187,2024-05-31,178.0800018310547
188,2024-06-03,176.2899932861328
189,2024-06-04,174.77000427246094
190,2024-06-05,175.0
191,2024-06-06,177.94000244140625
192,2024-06-07,177.47999572753906
193,2024-06-10,173.7899932861328
194,2024-06-11,170.66000366210938
195,2024-06-12,177.2899932861328
196,2024-06-13,182.47000122070312
197,2024-06-14,178.00999450683594
198,2024-06-17,187.44000244140625
199,2024-06-18,184.86000061035156
200,2024-06-20,181.57000732421875
201,2024-06-21,183.00999450683594
202,2024-06-24,182.5800018310547
203,2024-06-25,187.35000610351562
204,2024-06-26,196.3699951171875
205,2024-06-27,197.4199981689453
206,2024-06-28,197.8800048828125
207,2024-07-01,209.86000061035156
208,2024-07-02,231.25999450683594
209,2024-07-03,246.38999938964844
210,2024-07-05,251.52000427246094
211,2024-07-08,252.94000244140625
212,2024-07-09,262.3299865722656
213,2024-07-10,263.260009765625
214,2024-07-11,241.02999877929688
215,2024-07-12,248.22999572753906
216,2024-07-15,252.63999938964844
217,2024-07-16,256.55999755859375
218,2024-07-17,248.5
219,2024-07-18,249.22999572753906
220,2024-07-19,239.1999969482422
221,2024-07-22,251.50999450683594
222,2024-07-23,246.3800048828125
223,2024-07-24,215.99000549316406
224,2024-07-25,220.25
225,2024-07-26,219.8000030517578
226,2024-07-29,232.10000610351562
227,2024-07-30,222.6199951171875
228,2024-07-31,232.07000732421875
229,2024-08-01,216.86000061035156
230,2024-08-02,207.6699981689453
231,2024-08-05,198.8800048828125
232,2024-08-06,200.63999938964844
233,2024-08-07,191.75999450683594
234,2024-08-08,198.83999633789062
235,2024-08-09,200.0
236,2024-08-12,197.49000549316406
237,2024-08-13,207.8300018310547
238,2024-08-14,201.3800048828125
239,2024-08-15,214.13999938964844
240,2024-08-16,216.1199951171875
241,2024-08-19,222.72000122070312
242,2024-08-20,221.10000610351562
243,2024-08-21,223.27000427246094
244,2024-08-22,210.66000366210938
245,2024-08-23,220.32000732421875
246,2024-08-26,213.2100067138672
247,2024-08-27,209.2100067138672
248,2024-08-28,205.75
249,2024-08-29,206.27999877929688
250,2024-08-30,214.11000061035156
251,2024-09-03,210.60000610351562
252,2024-09-04,219.41000366210938
253,2024-09-05,230.1699981689453
254,2024-09-06,210.72999572753906
255,2024-09-09,216.27000427246094
256,2024-09-10,226.1699981689453
257,2024-09-11,228.1300048828125
258,2024-09-12,229.80999755859375
259,2024-09-13,230.2899932861328
260,2024-09-16,226.77999877929688
261,2024-09-17,227.8699951171875
262,2024-09-18,227.1999969482422
263,2024-09-19,243.9199981689453
264,2024-09-20,238.25
265,2024-09-23,250.0
266,2024-09-24,254.27000427246094
267,2024-09-25,257.0199890136719
268,2024-09-26,254.22000122070312
269,2024-09-27,260.4599914550781
270,2024-09-30,261.6300048828125
271,2024-10-01,258.0199890136719
272,2024-10-02,249.02000427246094
273,2024-10-03,240.66000366210938
274,2024-10-04,250.0800018310547
275,2024-10-07,240.8300018310547
276,2024-10-08,244.5
277,2024-10-09,241.0500030517578
278,2024-10-10,238.77000427246094
279,2024-10-11,217.8000030517578
280,2024-10-14,219.16000366210938
281,2024-10-15,219.57000732421875
282,2024-10-16,221.3300018310547
283,2024-10-17,220.88999938964844
284,2024-10-18,220.6999969482422
285,2024-10-21,218.85000610351562
286,2024-10-22,217.97000122070312
287,2024-10-23,213.64999389648438
288,2024-10-24,260.4800109863281
289,2024-10-25,269.19000244140625
290,2024-10-28,262.510009765625
291,2024-10-29,259.5199890136719
292,2024-10-30,257.54998779296875
293,2024-10-31,249.85000610351562
294,2024-11-01,248.97999572753906
295,2024-11-04,242.83999633789062
296,2024-11-05,251.44000244140625
297,2024-11-06,288.5299987792969
298,2024-11-07,296.9100036621094
299,2024-11-08,321.2200012207031
300,2024-11-11,350.0
301,2024-11-12,328.489990234375
302,2024-11-13,330.239990234375
303,2024-11-14,311.17999267578125
304,2024-11-15,320.7200012207031
305,2024-11-18,338.739990234375
306,2024-11-19,346.0
307,2024-11-20,342.0299987792969
308,2024-11-21,339.6400146484375
309,2024-11-22,352.55999755859375
310,2024-11-25,338.5899963378906
311,2024-11-26,338.2300109863281
312,2024-11-27,332.8900146484375
313,2024-11-29,345.1600036621094
314,2024-12-02,357.0899963378906
315,2024-12-03,351.4200134277344
316,2024-12-04,357.92999267578125
317,2024-12-05,369.489990234375
318,2024-12-06,389.2200012207031
319,2024-12-09,389.7900085449219
320,2024-12-10,400.989990234375
321,2024-12-11,424.7699890136719
322,2024-12-12,418.1000061035156
323,2024-12-13,436.2300109863281
324,2024-12-16,463.0199890136719
325,2024-12-17,479.8599853515625
326,2024-12-18,440.1300048828125
327,2024-12-19,436.1700134277344
328,2024-12-20,421.05999755859375
329,2024-12-23,430.6000061035156
330,2024-12-24,462.2799987792969
331,2024-12-26,454.1300048828125
332,2024-12-27,431.6600036621094
333,2024-12-30,417.4100036621094
334,2024-12-31,403.8399963378906
335,2025-01-02,379.2799987792969
336,2025-01-03,410.44000244140625
337,2025-01-06,411.04998779296875
338,2025-01-07,394.3599853515625
339,2025-01-08,394.94000244140625
340,2025-01-10,394.739990234375
341,2025-01-13,403.30999755859375
342,2025-01-14,396.3599853515625
343,2025-01-15,428.2200012207031
344,2025-01-16,413.82000732421875
345,2025-01-17,426.5
346,2025-01-21,424.07000732421875
347,2025-01-22,415.1099853515625
348,2025-01-23,412.3800048828125
349,2025-01-24,406.5799865722656
350,2025-01-27,397.1499938964844
351,2025-01-28,398.0899963378906
352,2025-01-29,389.1000061035156
353,2025-01-30,400.2799987792969
354,2025-01-31,404.6000061035156
355,2025-02-03,383.67999267578125
356,2025-02-04,392.2099914550781
357,2025-02-05,378.1700134277344
358,2025-02-06,374.32000732421875
359,2025-02-07,361.6199951171875
360,2025-02-10,350.7300109863281
361,2025-02-11,328.5
362,2025-02-12,336.510009765625
363,2025-02-13,355.94000244140625
364,2025-02-14,355.8399963378906
365,2025-02-18,354.1099853515625
366,2025-02-19,360.55999755859375
367,2025-02-20,354.3999938964844
368,2025-02-21,337.79998779296875
369,2025-02-24,330.5299987792969
370,2025-02-25,302.79998779296875
371,2025-02-26,290.79998779296875
372,2025-02-27,281.95001220703125
373,2025-02-28,292.9800109863281
374,2025-03-03,284.6499938964844
375,2025-03-04,272.0400085449219
376,2025-03-05,279.1000061035156
377,2025-03-06,263.45001220703125
378,2025-03-07,262.6700134277344
379,2025-03-10,222.14999389648438
380,2025-03-11,230.5800018310547
381,2025-03-12,248.08999633789062
382,2025-03-13,240.67999267578125
383,2025-03-14,249.97999572753906
384,2025-03-17,238.00999450683594
385,2025-03-18,225.30999755859375
386,2025-03-19,235.86000061035156
387,2025-03-20,236.25999450683594
388,2025-03-21,248.7100067138672
389,2025-03-24,278.3900146484375
390,2025-03-25,288.1400146484375
391,2025-03-26,272.05999755859375
392,2025-03-27,273.1300048828125
393,2025-03-28,263.54998779296875
394,2025-03-31,259.1600036621094
395,2025-04-01,268.4599914550781
396,2025-04-02,282.760009765625
397,2025-04-03,267.2799987792969
398,2025-04-04,239.42999267578125
399,2025-04-07,233.2899932861328
400,2025-04-08,221.86000061035156
401,2025-04-09,272.20001220703125
402,2025-04-10,252.39999389648438
403,2025-04-11,252.30999755859375
404,2025-04-14,252.35000610351562
405,2025-04-15,254.11000061035156
406,2025-04-16,241.5500030517578
407,2025-04-17,241.3699951171875
408,2025-04-21,227.5
409,2025-04-22,237.97000122070312
410,2025-04-23,250.74000549316406
411,2025-04-24,259.510009765625
412,2025-04-25,284.95001220703125
413,2025-04-28,285.8800048828125
414,2025-04-29,292.0299987792969
415,2025-04-30,282.1600036621094
416,2025-05-01,280.5199890136719
417,2025-05-02,287.2099914550781
418,2025-05-05,280.260009765625
419,2025-05-06,275.3500061035156
420,2025-05-07,276.2200012207031
421,2025-05-08,284.82000732421875
422,2025-05-09,298.260009765625
423,2025-05-12,318.3800048828125
424,2025-05-13,334.07000732421875
425,2025-05-14,347.67999267578125
426,2025-05-15,342.82000732421875
427,2025-05-16,349.9800109863281
428,2025-05-19,342.0899963378906
429,2025-05-20,343.82000732421875
430,2025-05-21,334.6199951171875
431,2025-05-22,341.0400085449219
432,2025-05-23,339.3399963378906
433,2025-05-27,362.8900146484375
434,2025-05-28,356.8999938964844
435,2025-05-29,358.42999267578125
436,2025-05-30,346.4599914550781
437,2025-06-02,342.69000244140625
438,2025-06-03,344.2699890136719
439,2025-06-04,332.04998779296875
440,2025-06-05,284.70001220703125
441,2025-06-06,295.1400146484375
442,2025-06-09,308.5799865722656
443,2025-06-10,326.0899963378906
444,2025-06-11,326.42999267578125
445,2025-06-12,319.1099853515625
446,2025-06-13,325.30999755859375
447,2025-06-16,329.1300048828125
448,2025-06-17,316.3500061035156
449,2025-06-18,322.04998779296875
450,2025-06-20,322.1600036621094
451,2025-06-23,348.67999267578125
452,2025-06-24,340.4700012207031
453,2025-06-25,327.54998779296875
454,2025-06-26,325.7799987792969
455,2025-06-27,323.6300048828125
456,2025-06-30,317.6600036621094
457,2025-07-01,300.7099914550781
458,2025-07-02,315.6499938964844
459,2025-07-03,315.3500061035156
460,2025-07-07,293.94000244140625
461,2025-07-08,297.80999755859375
462,2025-07-09,295.8800048828125
463,2025-07-10,309.8699951171875
464,2025-07-11,313.510009765625
465,2025-07-14,316.8999938964844
466,2025-07-15,310.7799987792969
467,2025-07-16,321.6700134277344
468,2025-07-17,319.4100036621094
469,2025-07-18,329.6499938964844
470,2025-07-21,328.489990234375
471,2025-07-22,332.1099853515625
472,2025-07-23,332.55999755859375
473,2025-07-24,305.29998779296875
474,2025-07-25,316.05999755859375
475,2025-07-28,325.5899963378906
476,2025-07-29,321.20001220703125
477,2025-07-30,319.0400085449219
478,2025-07-31,308.2699890136719
479,2025-08-01,302.6300048828125
480,2025-08-04,309.260009765625
481,2025-08-05,308.7200012207031
482,2025-08-06,319.9100036621094
483,2025-08-07,322.2699890136719
484,2025-08-08,329.6499938964844
485,2025-08-11,339.0299987792969
486,2025-08-12,340.8399963378906
487,2025-08-13,339.3800048828125
488,2025-08-14,335.5799865722656
489,2025-08-15,330.55999755859375
490,2025-08-18,335.1600036621094
491,2025-08-19,329.30999755859375
492,2025-08-20,323.8999938964844
493,2025-08-21,320.1099853515625
494,2025-08-22,340.010009765625
495,2025-08-25,346.6000061035156
496,2025-08-26,351.6700134277344
497,2025-08-27,349.6000061035156
498,2025-08-28,345.9800109863281
499,2025-08-29,333.8699951171875
500,2025-09-02,329.3599853515625
501,2025-09-03,334.0899963378906
502,2025-09-04,338.5299987792969
503,2025-09-05,350.8399963378906
504,2025-09-08,346.3999938964844
505,2025-09-09,346.9700012207031
506,2025-09-10,347.7900085449219
507,2025-09-11,368.80999755859375
508,2025-09-12,395.94000244140625
509,2025-09-15,410.0400085449219
510,2025-09-16,421.6199951171875
511,2025-09-17,425.8599853515625
512,2025-09-18,416.8500061035156
513,2025-09-19,426.07000732421875
514,2025-09-22,434.2099914550781
515,2025-09-23,425.8500061035156
516,2025-09-24,442.7900085449219
517,2025-09-25,423.3900146484375
518,2025-09-26,440.3999938964844
519,2025-09-29,443.2099914550781
520,2025-09-30,444.7200012207031
521,2025-10-01,459.4599914550781
522,2025-10-02,436.0
523,2025-10-03,429.8299865722656
524,2025-10-06,453.25
525,2025-10-07,433.0899963378906
526,2025-10-08,438.69000244140625
527,2025-10-09,435.5400085449219
528,2025-10-10,413.489990234375
529,2025-10-13,435.8999938964844
530,2025-10-14,429.239990234375
531,2025-10-15,435.1499938964844
532,2025-10-16,428.75
533,2025-10-17,439.30999755859375
534,2025-10-20,447.42999267578125
535,2025-10-21,442.6000061035156
536,2025-10-22,438.9700012207031
537,2025-10-23,448.9800109863281
538,2025-10-24,433.7200012207031
539,2025-10-27,452.4200134277344
540,2025-10-28,460.54998779296875
541,2025-10-29,461.510009765625
542,2025-10-30,440.1000061035156
